match_type,match_value,canonical_brand
brand,UNIQLO(유니클로),Uniqlo(유니클로)
brand,UNIQLO +J,Uniqlo(유니클로)
brand,DIVEIN(다이브인),DIVEIN(다이브인)
brand,다이브인,DIVEIN(다이브인)
brand,다이브인(DIVEIN),DIVEIN(다이브인)
brand,AFTERPRAY(애프터프레이),AFTERPRAY(애프터프레이)
brand,Aimé Leon Dore,Aimé Leon Dore(에메 레온 도르)
brand,brownyard(브라운야드,BROWNYARD(브라운야드)
brand,coor(쿠어),COOR(쿠어)
brand,mylibrary(마이라이브러리),Mylibrary(마이라이브러리)
brand,YOUTH,YOUTH(유스)
brand,뉴발란스,New Balance(뉴발란스)
brand,무신사 스탠다드,MUSINSA STANDARD(무신사 스탠다드)
brand,Arc'teryx,Arc'teryx(아크테릭스)
brand,BEHEAVYER,BEHEAVYER(비헤비어)
brand,epicenter.tourist,EPICENTER TOURIST(에피센터 투어리스트)
brand,intheraw(인더로우),INTHERAW(인더로우)
brand,L'OFFICIEL JUAN | 로피시엘 주앙,JUAN HOMME(주앙옴므)
brand,주앙옴므,JUAN HOMME(주앙옴므)
brand,THEY CALL ME,THEY CALL ME(데이 콜 미)
brand,epicenter.tourist(에피센터 투어리스트),EPICENTER TOURIST(에피센터 투어리스트)
brand,UNIFORM BRIDGE,UNIFORM BRIDGE(유니폼 브릿지)
brand,XLIM,XLIM(엑슬림)
brand,9999ARCHIVE,9999ARCHIVE(9999아카이브)
brand,닥터마틴,Dr. Martens(닥터마틴)
brand,르아르,LEIRE(르아르)
brand,에스파이,ESFAI(에스파이)
brand,오르또 ORTO,ORTO(오르또)
brand,파브레가,FABREGAT(파브레가)
brand,AAOA,AAOA(에이에이오에이)
brand,Aieul,Aieul(아이엘)
brand,ARTIFACTS,ART IF ACTS(아트 이프 액츠)
brand,AURALEE,AURALEE(오라리)
brand,Hamilton,Hamilton(해밀턴)
brand,hooves,Hooves(후브스)
brand,JiyongKim,JiyongKim(지용킴)
brand,MIND BRIDGE,MIND BRIDGE(마인드 브릿지)
brand,NIKE,NIKE(나이키)
brand,NOISE,NOISE(노이즈)
brand,noun(노운),NOUN(노운)
brand,passer,PASSER(파세르)
brand,rough side,ROUGH SIDE(러프사이드)
brand,Yase,YASE(야세)
brand,24/7series,24/7series(24/7시리즈)
brand,999휴머니티,999HUMANITY(999휴머니티)
brand,기철,KICHUL(기철)
brand,미세키서울 맨,MISEKISEOUL MEN(미세키서울 맨)
brand,브랜디드,BRANDED(브랜디드)
brand,아모멘토,AMOMENTO(아모멘토)
brand,어널러코드,ANOLORCODE(어널러코드)
brand,엘무드,LMOOD(엘무드)
brand,이외들,IOEDLE(이외들)
brand,카네이테이,KANEITEI(카네이테이)
brand,커스텀어클락,CUSTUME O'CLOCK(커스텀어클락)
brand,토피,TOFFE(토피)
brand,플랙(PLAC),PLAC(플랙)
brand,PLAC,PLAC(플랙)
brand,A.ta,A.ta(에이타)
brand,AMOMENTO,AMOMENTO(아모멘토)
brand,AREUBAN,AREUBAN(아르반)
brand,Asics,Asics(아식스)
brand,BESLOW PURPLE,BESLOW(비슬로우)
brand,BEUYS,BEUYS(뷰스)
brand,boogieholiday,Boogie Holiday(부기홀리데이)
brand,coldwarm,COLDWARM(콜드웜)
brand,DECET,DECET(데케트)
brand,DIVEIN,DIVEIN(다이브인)
brand,DOFFJASON,DOFFJASON(도프제이슨)
brand,ESPIONAGE,ESPIONAGE(에스피오나지)
brand,Everlane,Everlane(에버레인)
brand,FrizmWORKS,FrizmWORKS(프리즘웍스)
brand,GOYOWEAR,GOYOWEAR(고요웨어)
brand,GU,GU(지유)
brand,H&M,H&M(에이치엔엠)
brand,HATCHINGROOM(해칭룸),HATCHINGROOM(해칭룸)
brand,INSANE GARAGE,INSANE GARAGE(인세인개러지)
brand,INTEMPO,INTEMPOMOOD(인템포무드)
brand,JOSEPHT,JOSEPHT(조셉트)
brand,LABEL ARCHIVE,LABEL ARCHIVE(라벨 아카이브)
brand,LEARVE,LEARVE(르아브)
brand,lemard,LEMARD(르마드)
brand,Mod9(모드나인),Mod9(모드나인)
brand,MUJI 무인양품,MUJI(무인양품)
brand,Noah,NOAH(노아)
brand,On,On(온)
brand,PAF,Post Archive Faction(포스트아카이브팩션)
brand,PARTIMENTO,PARTIMENTO(파르티멘토)
brand,Patagonia,PATAGONIA(파타고니아)
brand,PATAGONIA,PATAGONIA(파타고니아)
brand,POLO RALPH LAUREN,POLO RALPH LAUREN(폴로 랄프 로렌)
brand,Ray-Ban,Ray-Ban(레이밴)
brand,SALOMON,SALOMON(살로몬)
brand,SUARE,SUARE(수아레)
brand,SURFACE EDITION,SURFACE EDITION(서피스 에디션)
brand,THE NORTH FACE,THE NORTH FACE(노스페이스)
brand,Thecoldestmoment(더콜디스트모먼트),The Coldest Moment(더콜디스트모먼트)
brand,Timberland,TIMBERLAND(팀버랜드)
brand,Timberland x Thisisneverthat,TIMBERLAND(팀버랜드)
brand,TNGT,TNGT(티엔지티)
brand,TONYWACK,TONYWACK(토니웩)
brand,Tonywack(토니웩),TONYWACK(토니웩)
brand,WEP®,WEP(더블유이피)
brand,ZARA(자라),ZARA(자라)
brand,ZARA,ZARA(자라)
brand,mylibrary,Mylibrary(마이라이브러리)
brand,learve(르아브),LEARVE(르아브)
